-- MySQL dump 10.13  Distrib 8.0.43, for Linux (x86_64)
--
-- Host: localhost    Database: hospital_data
-- ------------------------------------------------------
-- Server version	8.0.43-0ubuntu0.24.04.1

/*!40101 SET @OLD_CHARACTER_SET_CLIENT=@@CHARACTER_SET_CLIENT */;
/*!40101 SET @OLD_CHARACTER_SET_RESULTS=@@CHARACTER_SET_RESULTS */;
/*!40101 SET @OLD_COLLATION_CONNECTION=@@COLLATION_CONNECTION */;
/*!50503 SET NAMES utf8mb4 */;
/*!40103 SET @OLD_TIME_ZONE=@@TIME_ZONE */;
/*!40103 SET TIME_ZONE='+00:00' */;
/*!40014 SET @OLD_UNIQUE_CHECKS=@@UNIQUE_CHECKS, UNIQUE_CHECKS=0 */;
/*!40014 SET @OLD_FOREIGN_KEY_CHECKS=@@FOREIGN_KEY_CHECKS, FOREIGN_KEY_CHECKS=0 */;
/*!40101 SET @OLD_SQL_MODE=@@SQL_MODE, SQL_MODE='NO_AUTO_VALUE_ON_ZERO' */;
/*!40111 SET @OLD_SQL_NOTES=@@SQL_NOTES, SQL_NOTES=0 */;

--
-- Table structure for table `hospital_finance_monthly`
--

DROP TABLE IF EXISTS `hospital_finance_monthly`;
/*!40101 SET @saved_cs_client     = @@character_set_client */;
/*!50503 SET character_set_client = utf8mb4 */;
CREATE TABLE `hospital_finance_monthly` (
  `hospital_id` varchar(50) NOT NULL,
  `year` int DEFAULT NULL,
  `month` int DEFAULT NULL,
  `period` date NOT NULL,
  `total_expenditure` decimal(15,2) DEFAULT NULL,
  `operational_expenditure` decimal(15,2) DEFAULT NULL,
  `staff_cost` decimal(15,2) DEFAULT NULL,
  `supply_cost` decimal(15,2) DEFAULT NULL,
  `maintenance_cost` decimal(15,2) DEFAULT NULL,
  `transport_cost` decimal(15,2) DEFAULT NULL,
  `capital_expenditure` decimal(15,2) DEFAULT NULL,
  `revenue` decimal(15,2) DEFAULT NULL,
  `budget_allocated` decimal(15,2) DEFAULT NULL,
  `budget_remaining` decimal(15,2) DEFAULT NULL,
  `data_confidence` varchar(20) DEFAULT NULL,
  `last_updated` datetime DEFAULT NULL,
  PRIMARY KEY (`hospital_id`,`period`)
) ENGINE=InnoDB DEFAULT CHARSET=utf8mb4 COLLATE=utf8mb4_0900_ai_ci;
/*!40101 SET character_set_client = @saved_cs_client */;

--
-- Dumping data for table `hospital_finance_monthly`
--

LOCK TABLES `hospital_finance_monthly` WRITE;
/*!40000 ALTER TABLE `hospital_finance_monthly` DISABLE KEYS */;
INSERT INTO `hospital_finance_monthly` VALUES ('PUNE_001',2025,10,'2025-10-01',7944555.06,7171174.23,4843280.04,1111065.48,218562.81,99186.56,773380.83,7588792.68,9533466.07,1588911.01,'reported','2025-10-28 08:45:04'),('PUNE_002',2025,10,'2025-10-01',1697337.90,1552519.37,1017660.44,314391.68,78834.80,26986.26,144818.53,1041373.08,2036805.48,339467.58,'reported','2025-10-28 08:45:04'),('PUNE_003',2025,10,'2025-10-01',5076812.23,4760999.97,2788438.63,903465.68,228753.50,81652.57,315812.26,3874089.79,6092174.68,1015362.45,'reported','2025-10-28 08:45:04'),('PUNE_004',2025,10,'2025-10-01',3427054.26,3210034.18,2141967.85,519415.95,110660.18,75709.13,217020.08,3175451.03,4112465.11,685410.85,'reported','2025-10-28 08:45:04'),('PUNE_005',2025,10,'2025-10-01',4873797.23,4551038.43,3016749.14,956204.23,140971.82,144440.60,322758.80,5317510.72,5848556.68,974759.45,'reported','2025-10-28 08:45:04'),('PUNE_006',2025,10,'2025-10-01',7286578.73,6636766.09,4781313.00,1329659.65,150634.59,167369.62,649812.64,6455083.61,8743894.48,1457315.75,'reported','2025-10-28 08:45:04'),('PUNE_007',2025,10,'2025-10-01',5468208.29,5090224.19,3807742.53,879275.42,207333.07,85647.80,377984.10,6488494.69,6561849.95,1093641.66,'reported','2025-10-28 08:45:04'),('PUNE_008',2025,10,'2025-10-01',2100219.87,1921168.16,1060462.54,262928.93,123761.65,53203.74,179051.71,1999140.09,2520263.84,420043.97,'reported','2025-10-28 08:45:04'),('PUNE_009',2025,10,'2025-10-01',2355994.79,2200651.88,1321246.27,335090.67,111949.40,45459.19,155342.91,1669774.94,2827193.75,471198.96,'reported','2025-10-28 08:45:04'),('PUNE_010',2025,10,'2025-10-01',6884349.91,6341826.22,4203382.93,1174529.15,393270.90,117332.35,542523.69,4159606.21,8261219.89,1376869.98,'reported','2025-10-28 08:45:04'),('PUNE_011',2025,10,'2025-10-01',1687673.22,1586508.84,959387.24,184235.52,54210.38,28327.22,101164.38,1566682.25,2025207.86,337534.64,'reported','2025-10-28 08:45:04'),('PUNE_012',2025,10,'2025-10-01',3907827.08,3613035.11,2610078.55,481856.77,187528.95,67388.77,294791.97,3391578.20,4689392.50,781565.42,'reported','2025-10-28 08:45:04'),('PUNE_013',2025,10,'2025-10-01',5808832.32,5449536.56,3235192.22,962180.36,220050.94,79406.84,359295.76,6028384.06,6970598.78,1161766.46,'reported','2025-10-28 08:45:04'),('PUNE_014',2025,10,'2025-10-01',8131309.18,7618896.39,4134954.59,1295866.12,264087.45,166640.84,512412.79,5108423.27,9757571.02,1626261.84,'reported','2025-10-28 08:45:04'),('PUNE_015',2025,10,'2025-10-01',7463438.11,6893797.75,5075485.03,1027145.37,176830.53,218465.97,569640.36,6156740.61,8956125.73,1492687.62,'reported','2025-10-28 08:45:04'),('PUNE_016',2025,10,'2025-10-01',3443830.10,3229546.23,2117300.11,600173.50,164513.31,82373.43,214283.87,2639331.46,4132596.12,688766.02,'reported','2025-10-28 08:45:04'),('PUNE_017',2025,10,'2025-10-01',1202345.91,1106980.13,786240.86,211392.00,32366.66,26833.40,95365.78,774158.30,1442815.09,240469.18,'reported','2025-10-28 08:45:04'),('PUNE_018',2025,10,'2025-10-01',1835511.71,1713018.46,925374.93,261122.94,72453.57,39707.67,122493.25,1244584.48,2202614.05,367102.34,'reported','2025-10-28 08:45:04'),('PUNE_019',2025,10,'2025-10-01',1980509.96,1796624.72,1149664.98,309872.95,93914.31,38946.12,183885.24,2244250.39,2376611.95,396101.99,'reported','2025-10-28 08:45:04'),('PUNE_020',2025,10,'2025-10-01',4330748.46,3899166.89,2886273.62,608734.80,247640.70,57312.60,431581.57,2971746.14,5196898.15,866149.69,'reported','2025-10-28 08:45:04'),('PUNE_021',2025,10,'2025-10-01',4476621.25,4134012.52,2559063.45,457783.34,224376.99,106021.32,342608.73,5278433.89,5371945.50,895324.25,'reported','2025-10-28 08:45:04'),('PUNE_022',2025,10,'2025-10-01',5515351.03,4979619.44,2927018.46,969097.66,136747.57,162622.74,535731.59,5741612.48,6618421.24,1103070.21,'reported','2025-10-28 08:45:04'),('PUNE_023',2025,10,'2025-10-01',6501337.11,5864939.55,4227318.80,680049.87,208431.44,171881.80,636397.56,7369414.46,7801604.53,1300267.42,'reported','2025-10-28 08:45:04'),('PUNE_024',2025,10,'2025-10-01',3104683.26,2817481.58,1745663.60,541668.24,178984.45,85860.13,287201.68,1918400.08,3725619.91,620936.65,'reported','2025-10-28 08:45:04'),('PUNE_025',2025,10,'2025-10-01',6145931.45,5714480.32,3742896.90,786996.37,258012.52,110460.52,431451.13,5757075.79,7375117.74,1229186.29,'reported','2025-10-28 08:45:04'),('PUNE_026',2025,10,'2025-10-01',7470643.34,6760617.30,4678902.87,1341261.04,410746.37,97454.66,710026.04,5390885.81,8964772.01,1494128.67,'reported','2025-10-28 08:45:04'),('PUNE_027',2025,10,'2025-10-01',1578764.75,1474441.38,813399.96,254948.01,38502.19,22583.08,104323.37,953056.61,1894517.70,315752.95,'reported','2025-10-28 08:45:04'),('PUNE_028',2025,10,'2025-10-01',1377941.38,1267964.31,815378.40,259864.81,62901.37,17294.41,109977.07,1353370.36,1653529.66,275588.28,'reported','2025-10-28 08:45:04'),('PUNE_029',2025,10,'2025-10-01',6585276.01,6242244.29,4307393.93,726925.29,261491.87,91230.17,343031.72,5294905.99,7902331.21,1317055.20,'reported','2025-10-28 08:45:04'),('PUNE_030',2025,10,'2025-10-01',6601082.88,6067256.54,4197326.98,883902.62,325193.92,176500.04,533826.34,4880326.51,7921299.46,1320216.58,'reported','2025-10-28 08:45:04'),('PUNE_031',2025,10,'2025-10-01',5127780.00,4677920.34,2928079.92,823826.13,136688.73,140993.47,449859.66,4510184.11,6153336.00,1025556.00,'reported','2025-10-28 08:45:04'),('PUNE_032',2025,10,'2025-10-01',4752715.20,4288677.80,2464365.20,622654.91,136971.67,75958.11,464037.40,5359177.73,5703258.24,950543.04,'reported','2025-10-28 08:45:04'),('PUNE_033',2025,10,'2025-10-01',6907351.12,6286950.07,3716474.75,1285394.62,213723.02,89637.86,620401.05,5935159.01,8288821.34,1381470.22,'reported','2025-10-28 08:45:04'),('PUNE_034',2025,10,'2025-10-01',6649152.13,6268476.17,3657484.36,962157.53,395717.86,154397.32,380675.96,4678583.65,7978982.56,1329830.43,'reported','2025-10-28 08:45:04'),('PUNE_035',2025,10,'2025-10-01',2444625.22,2256190.94,1698186.05,412050.33,73735.08,53528.52,188434.28,2221737.92,2933550.26,488925.04,'reported','2025-10-28 08:45:04'),('PUNE_036',2025,10,'2025-10-01',2985253.67,2829344.13,1715101.14,522965.82,147184.91,45992.36,155909.54,3211712.38,3582304.40,597050.73,'reported','2025-10-28 08:45:04'),('PUNE_037',2025,10,'2025-10-01',8377982.01,7582478.79,4421738.08,1435806.32,231587.26,185763.71,795503.22,9298043.34,10053578.41,1675596.40,'reported','2025-10-28 08:45:04'),('PUNE_038',2025,10,'2025-10-01',3185984.24,2877428.29,1968565.99,597030.97,181770.20,34012.73,308555.95,3791188.34,3823181.09,637196.85,'reported','2025-10-28 08:45:04'),('PUNE_039',2025,10,'2025-10-01',1339682.15,1227251.91,936372.65,173792.84,28967.94,22744.83,112430.24,1160760.12,1607618.58,267936.43,'reported','2025-10-28 08:45:04'),('PUNE_040',2025,10,'2025-10-01',1037366.12,949986.96,587752.25,131971.15,57749.82,11671.28,87379.16,634379.43,1244839.34,207473.22,'reported','2025-10-28 08:45:04'),('PUNE_041',2025,10,'2025-10-01',7422348.56,6787846.48,3972906.47,1078884.05,298952.78,220396.41,634502.08,5166155.67,8906818.27,1484469.71,'reported','2025-10-28 08:45:04'),('PUNE_042',2025,10,'2025-10-01',6746541.82,6124335.62,4186875.92,879769.00,347151.53,146173.03,622206.20,7866202.21,8095850.18,1349308.36,'reported','2025-10-28 08:45:04'),('PUNE_043',2025,10,'2025-10-01',6637577.97,6241521.65,3777240.72,1042468.21,385300.29,184188.12,396056.32,4018330.64,7965093.56,1327515.59,'reported','2025-10-28 08:45:04'),('PUNE_044',2025,10,'2025-10-01',1722979.85,1599929.63,954898.64,281474.12,43672.34,51215.61,123050.22,1780973.73,2067575.82,344595.97,'reported','2025-10-28 08:45:04'),('PUNE_045',2025,10,'2025-10-01',1254100.58,1169895.02,780980.93,154284.19,55199.27,18935.19,84205.56,1042830.68,1504920.70,250820.12,'reported','2025-10-28 08:45:04'),('PUNE_046',2025,10,'2025-10-01',6575708.39,6040812.55,3658864.81,721905.48,139743.60,121348.43,534895.84,5745078.75,7890850.07,1315141.68,'reported','2025-10-28 08:45:04'),('PUNE_047',2025,10,'2025-10-01',8165973.95,7576347.54,4504992.54,827785.95,272649.15,197761.86,589626.41,8904033.30,9799168.74,1633194.79,'reported','2025-10-28 08:45:04'),('PUNE_048',2025,10,'2025-10-01',2130692.19,1951511.18,1294721.34,417885.53,102058.68,44929.60,179181.01,2257673.27,2556830.63,426138.44,'reported','2025-10-28 08:45:04'),('PUNE_049',2025,10,'2025-10-01',6139726.32,5682957.22,3655161.10,834051.43,156225.37,91058.65,456769.10,7337112.76,7367671.58,1227945.26,'reported','2025-10-28 08:45:04'),('PUNE_050',2025,10,'2025-10-01',8471248.49,7794420.05,5203721.09,1690260.49,320466.86,132346.91,676828.44,6570966.92,10165498.19,1694249.70,'reported','2025-10-28 08:45:04');
/*!40000 ALTER TABLE `hospital_finance_monthly` ENABLE KEYS */;
UNLOCK TABLES;

--
-- Table structure for table `hospital_resource_timeseries`
--

DROP TABLE IF EXISTS `hospital_resource_timeseries`;
/*!40101 SET @saved_cs_client     = @@character_set_client */;
/*!50503 SET character_set_client = utf8mb4 */;
CREATE TABLE `hospital_resource_timeseries` (
  `timestamp` datetime NOT NULL,
  `hospital_id` varchar(50) NOT NULL,
  `occupied_beds` int DEFAULT NULL,
  `total_beds` int DEFAULT NULL,
  `ed_total_beds` int DEFAULT NULL,
  `ed_occupied_beds` int DEFAULT NULL,
  `ward_capacity_beds` int DEFAULT NULL,
  `total_icu_beds` int DEFAULT NULL,
  `icu_occupied_beds` int DEFAULT NULL,
  `total_ventilators` int DEFAULT NULL,
  `in_use_ventilators` int DEFAULT NULL,
  `oxygen_units_liters` float DEFAULT NULL,
  `available_oxygen_liters` float DEFAULT NULL,
  `estimated_daily_consumption_oxygen_liters` float DEFAULT NULL,
  `tb_med_stock_tablets` int DEFAULT NULL,
  `diag_kits_available` int DEFAULT NULL,
  `available_staff_count` int DEFAULT NULL,
  `on_shift_doctors` int DEFAULT NULL,
  `required_doctors` int DEFAULT NULL,
  `on_shift_nurses` int DEFAULT NULL,
  `ambulance_arrivals_24h` int DEFAULT NULL,
  `critical_cases_ed` int DEFAULT NULL,
  `avg_daily_admissions_7d` float DEFAULT NULL,
  `avg_ed_tat_minutes_1h` float DEFAULT NULL,
  `avg_ed_tat_minutes_6h` float DEFAULT NULL,
  PRIMARY KEY (`timestamp`,`hospital_id`),
  KEY `hospital_id` (`hospital_id`),
  CONSTRAINT `hospital_resource_timeseries_ibfk_1` FOREIGN KEY (`hospital_id`) REFERENCES `hospitals` (`hospital_id`)
) ENGINE=InnoDB DEFAULT CHARSET=utf8mb4 COLLATE=utf8mb4_0900_ai_ci;
/*!40101 SET character_set_client = @saved_cs_client */;

--
-- Dumping data for table `hospital_resource_timeseries`
--

LOCK TABLES `hospital_resource_timeseries` WRITE;
/*!40000 ALTER TABLE `hospital_resource_timeseries` DISABLE KEYS */;
INSERT INTO `hospital_resource_timeseries` VALUES ('2025-10-28 08:45:04','PUNE_001',114,145,16,10,98,6,3,8,4,7155.4,9709.3,2385.14,2647,24,298,18,42,27,61,14,86.9279,27.8769,46.4684),('2025-10-28 08:45:04','PUNE_002',168,214,19,15,145,11,10,16,12,16440,12551.1,5480,3673,49,135,18,77,84,163,29,141.17,30.413,42.3189),('2025-10-28 08:45:04','PUNE_003',123,174,19,15,118,9,6,11,7,9558.7,11744.8,3186.24,3946,11,335,19,55,67,186,0,20.3738,33.4185,57.2147),('2025-10-28 08:45:04','PUNE_004',461,538,51,33,365,24,12,19,16,23062.8,44742.9,7687.6,3860,7,141,40,26,31,111,15,131.134,19.3657,41.787),('2025-10-28 08:45:04','PUNE_005',342,395,53,32,268,19,13,19,12,20859.8,31422.1,6953.27,3370,18,276,23,64,51,162,17,75.9046,33.9327,47.2464),('2025-10-28 08:45:04','PUNE_006',51,81,7,5,55,5,4,7,5,6193.2,5290.2,2064.4,2053,16,62,29,52,89,121,34,190.644,32.8681,35.73),('2025-10-28 08:45:04','PUNE_007',151,209,27,23,142,8,6,8,6,11784.2,15818.4,3928.06,2721,37,138,16,45,37,84,33,62.6445,24.6062,46.4635),('2025-10-28 08:45:04','PUNE_008',73,101,13,13,68,6,4,7,4,7878.5,11350.9,2626.17,3309,28,380,18,56,104,74,5,38.8871,44.4554,40.6861),('2025-10-28 08:45:04','PUNE_009',31,61,6,4,41,3,2,4,4,3507.9,4011.2,1169.29,3876,15,136,50,38,85,31,36,158.603,35.2867,45.5556),('2025-10-28 08:45:04','PUNE_010',43,74,7,6,50,4,2,6,5,3301.8,2768.3,1100.6,3255,22,352,54,58,98,78,46,184.913,38.7474,39.5529),('2025-10-28 08:45:04','PUNE_011',452,484,44,36,329,27,16,37,24,33688,34187.7,11229.3,2646,25,352,29,51,25,146,33,47.2097,40.5766,56.9212),('2025-10-28 08:45:04','PUNE_012',28,50,6,6,34,3,1,3,2,2114,3117.7,704.652,2886,5,394,15,38,99,94,16,91.2061,24.4778,32.9158),('2025-10-28 08:45:04','PUNE_013',358,435,42,31,295,27,19,30,11,34403.7,25141.3,11467.9,3577,21,328,48,16,21,55,6,31.9501,38.6666,53.2258),('2025-10-28 08:45:04','PUNE_014',120,159,18,15,108,7,5,10,7,10327,10822.3,3442.32,3989,14,210,24,33,71,108,34,163.932,28.3273,30.8973),('2025-10-28 08:45:04','PUNE_015',34,55,6,4,37,3,2,3,2,4031.5,3280.3,1343.82,3546,44,137,33,35,54,189,26,194.603,24.2777,36.9794),('2025-10-28 08:45:04','PUNE_016',48,73,7,4,49,3,2,3,2,3030.5,6019.6,1010.16,2296,7,272,15,54,82,74,37,19.7734,39.6229,54.0387),('2025-10-28 08:45:04','PUNE_017',30,51,6,4,34,3,3,3,2,5171.8,8501.2,1723.94,3109,20,286,13,75,21,93,35,91.7752,43.0513,58.6353),('2025-10-28 08:45:04','PUNE_018',341,420,36,27,285,23,23,33,25,39632.9,68413.3,13211,2334,36,337,52,53,44,115,8,178.253,44.8193,39.2527),('2025-10-28 08:45:04','PUNE_019',33,55,6,5,37,3,2,3,2,3783.4,4743.9,1261.12,3588,14,109,52,58,118,107,40,157.024,38.3517,39.0549),('2025-10-28 08:45:04','PUNE_020',23,46,6,5,31,3,2,4,3,2678.4,4228.3,892.809,3688,13,325,53,74,109,100,42,197.121,18.9365,34.3055),('2025-10-28 08:45:04','PUNE_021',42,70,9,4,47,3,1,4,3,2349.6,3743.9,783.19,2816,17,109,36,70,115,125,39,78.7906,42.6599,58.6361),('2025-10-28 08:45:04','PUNE_022',29,46,6,5,31,3,2,4,3,2672.7,5088,890.916,3724,29,328,35,32,26,74,4,101.468,33.8605,46.7157),('2025-10-28 08:45:04','PUNE_023',37,62,6,6,42,3,2,3,2,3311,4234.8,1103.65,3624,7,217,13,51,46,142,3,126.609,37.7072,49.4905),('2025-10-28 08:45:04','PUNE_024',126,154,16,11,104,6,6,7,6,9861.5,17032.9,3287.15,3384,11,245,37,25,83,193,30,55.1225,37.1966,33.1443),('2025-10-28 08:45:04','PUNE_025',125,164,14,10,111,11,11,12,8,17264.8,8693.5,5754.93,3835,14,113,45,51,61,13,12,110.257,27.0408,56.6037),('2025-10-28 08:45:04','PUNE_026',289,341,32,24,231,19,14,16,9,22346.8,39155.8,7448.94,2082,17,185,53,72,67,144,30,142.808,23.3,41.4352),('2025-10-28 08:45:04','PUNE_027',126,210,21,16,142,8,6,10,8,11170.5,18136.5,3723.51,3713,34,79,31,56,45,29,37,89.3792,26.2928,33.1995),('2025-10-28 08:45:04','PUNE_028',31,53,6,4,36,3,2,3,2,2842.1,1775.6,947.367,2884,7,356,26,76,51,29,6,146.743,43.987,59.3518),('2025-10-28 08:45:04','PUNE_029',36,68,6,4,46,3,2,3,3,3980.1,2508.1,1326.69,2398,47,141,38,75,27,19,28,119.893,26.3071,38.604),('2025-10-28 08:45:04','PUNE_030',123,183,24,16,124,6,3,6,3,7167.2,11538.5,2389.06,3528,27,362,50,35,53,142,25,53.3801,36.4045,41.5317),('2025-10-28 08:45:04','PUNE_031',42,72,6,4,48,3,3,3,1,4514.8,2370,1504.94,3681,44,79,57,34,91,74,6,140.327,22.2321,54.9512),('2025-10-28 08:45:04','PUNE_032',210,231,25,13,157,12,10,10,7,18833.3,31414.6,6277.76,3526,42,207,44,58,50,112,45,195.055,43.127,39.0926),('2025-10-28 08:45:04','PUNE_033',136,180,18,14,122,8,6,11,8,11242.4,9437.9,3747.45,3780,16,299,15,65,69,193,44,57.8594,26.2991,57.5529),('2025-10-28 08:45:04','PUNE_034',122,171,15,13,116,7,5,6,5,10366,13365,3455.33,3342,12,374,47,51,57,131,29,111.899,23.523,31.1534),('2025-10-28 08:45:04','PUNE_035',102,116,11,11,78,6,5,5,3,9911.8,7343.4,3303.94,3849,30,313,43,58,36,68,44,176.267,30.6617,44.1348),('2025-10-28 08:45:04','PUNE_036',367,402,53,46,273,22,20,27,17,38456.5,75300,12818.8,2323,22,331,50,39,108,95,30,28.3898,22.7588,45.7698),('2025-10-28 08:45:04','PUNE_037',35,68,7,5,46,4,3,4,3,5065.9,10053.7,1688.62,3185,31,222,54,72,101,45,34,40.6389,25.4398,48.7007),('2025-10-28 08:45:04','PUNE_038',151,214,28,15,145,11,6,12,10,10753.8,9251.4,3584.59,2190,35,261,54,47,89,101,38,101.11,30.5851,48.0681),('2025-10-28 08:45:04','PUNE_039',115,155,13,9,105,10,9,15,10,16357.7,9496.2,5452.57,2988,14,176,21,42,34,159,26,135.696,35.5274,31.822),('2025-10-28 08:45:04','PUNE_040',132,213,18,14,144,10,9,9,6,15384.1,22078.3,5128.03,2433,36,248,12,20,21,142,36,166.264,27.4319,52.2191),('2025-10-28 08:45:04','PUNE_041',39,66,8,7,44,3,2,4,3,3744,3399.4,1247.99,3017,20,127,14,74,93,36,32,170.453,31.5022,34.633),('2025-10-28 08:45:04','PUNE_042',141,184,24,20,125,11,10,12,11,16731.6,10724.6,5577.22,2429,26,174,26,79,69,62,27,157.396,44.63,51.4011),('2025-10-28 08:45:04','PUNE_043',30,60,6,4,40,3,2,4,3,3438.7,6735.3,1146.22,3431,36,329,11,29,30,85,22,19.7336,37.7776,37.9765),('2025-10-28 08:45:04','PUNE_044',126,188,23,19,127,7,4,8,7,9050.7,6997.3,3016.9,3504,33,238,41,32,82,56,43,125.837,30.7495,34.3505),('2025-10-28 08:45:04','PUNE_045',42,60,6,4,40,3,2,2,1,3130.7,5164.3,1043.58,3701,15,261,12,79,28,195,38,160.178,25.1903,42.6559),('2025-10-28 08:45:04','PUNE_046',37,54,6,4,36,3,2,4,3,2988.2,3286.5,996.059,2657,28,118,54,17,69,60,13,187.777,22.6678,31.4884),('2025-10-28 08:45:04','PUNE_047',150,192,25,21,130,9,7,11,6,13313.4,23516.3,4437.78,2977,24,171,57,77,50,8,33,195.971,19.2638,53.6301),('2025-10-28 08:45:04','PUNE_048',36,54,6,5,36,3,3,3,2,5541.4,2870.8,1847.14,3551,42,331,58,68,58,26,7,137.519,29.4244,33.4878),('2025-10-28 08:45:04','PUNE_049',70,91,8,6,61,3,2,3,2,4435.7,4883.4,1478.55,2653,42,62,52,34,92,84,22,60.347,36.904,48.9745),('2025-10-28 08:45:04','PUNE_050',121,186,25,22,126,9,7,12,4,11639.7,22964.7,3879.92,3762,25,200,42,46,118,158,44,95.3155,25.1595,44.1424);
/*!40000 ALTER TABLE `hospital_resource_timeseries` ENABLE KEYS */;
UNLOCK TABLES;

--
-- Table structure for table `hospitals`
--

DROP TABLE IF EXISTS `hospitals`;
/*!40101 SET @saved_cs_client     = @@character_set_client */;
/*!50503 SET character_set_client = utf8mb4 */;
CREATE TABLE `hospitals` (
  `hospital_id` varchar(50) NOT NULL,
  `hospital_name` varchar(100) DEFAULT NULL,
  `region` varchar(50) DEFAULT NULL,
  `latitude` decimal(9,6) DEFAULT NULL,
  `longitude` decimal(9,6) DEFAULT NULL,
  `ownership_type` varchar(20) DEFAULT NULL,
  `max_capacity_beds` int DEFAULT NULL,
  `ward_capacity_beds` int DEFAULT NULL,
  PRIMARY KEY (`hospital_id`)
) ENGINE=InnoDB DEFAULT CHARSET=utf8mb4 COLLATE=utf8mb4_0900_ai_ci;
/*!40101 SET character_set_client = @saved_cs_client */;

--
-- Dumping data for table `hospitals`
--

LOCK TABLES `hospitals` WRITE;
/*!40000 ALTER TABLE `hospitals` DISABLE KEYS */;
INSERT INTO `hospitals` VALUES ('PUNE_001','Ruby Hill Hospital, Pune','Pune',18.476612,73.858906,'trust',145,98),('PUNE_002','Sahyadri General Hospital, Pune','Pune',18.545993,73.895922,'private',214,145),('PUNE_003','Kothrud District Hospital, Pune','Pune',18.540567,73.867730,'govt',174,118),('PUNE_004','Pune Central Medical Centre, Pune','Pune',18.493835,73.871409,'private',538,365),('PUNE_005','Deccan Health Institute, Pune','Pune',18.576829,73.910522,'govt',395,268),('PUNE_006','Hadapsar Care Hospital, Pune','Pune',18.518464,73.905875,'govt',81,55),('PUNE_007','Aundh Community Hospital, Pune','Pune',18.509778,73.831317,'govt',209,142),('PUNE_008','Viman Nagar Health Centre, Pune','Pune',18.502674,73.890663,'govt',101,68),('PUNE_009','Shivaji Nagar Hospital, Pune','Pune',18.518828,73.851142,'private',61,41),('PUNE_010','Lokmanya Medical Hospital, Pune','Pune',18.502033,73.843380,'private',74,50),('PUNE_011','Dhayari Clinic, Pune','Pune',18.482927,73.892889,'private',484,329),('PUNE_012','Katraj Care Centre, Pune','Pune',18.489011,73.867524,'private',50,34),('PUNE_013','Bhosari Health Campus, Pune','Pune',18.482077,73.877943,'trust',435,295),('PUNE_014','Pune East Medical, Pune','Pune',18.553728,73.849180,'govt',159,108),('PUNE_015','Pune West General, Pune','Pune',18.546594,73.841462,'private',55,37),('PUNE_016','PMC Community Hospital, Pune','Pune',18.517587,73.832984,'private',73,49),('PUNE_017','Bopodi Health Centre, Pune','Pune',18.520656,73.841405,'govt',51,34),('PUNE_018','Baner Wellness, Pune','Pune',18.521366,73.796291,'govt',420,285),('PUNE_019','Shivaji Hills Clinic, Pune','Pune',18.516139,73.836750,'private',55,37),('PUNE_020','Pune NMC Hospital, Pune','Pune',18.549924,73.884766,'trust',46,31),('PUNE_021','Ambegaon Specialty Hospital, Pune','Pune',18.533176,73.865597,'trust',70,47),('PUNE_022','Pune Metro Health, Pune','Pune',18.550986,73.837506,'private',46,31),('PUNE_023','FC Road Medical, Pune','Pune',18.525907,73.900990,'govt',62,42),('PUNE_024','Karve Road Hospital, Pune','Pune',18.508537,73.890112,'govt',154,104),('PUNE_025','Pashan General Hospital, Pune','Pune',18.542311,73.878814,'govt',164,111),('PUNE_026','Yerawada Care, Pune','Pune',18.571130,73.821569,'private',341,231),('PUNE_027','Pune City Hospital, Pune','Pune',18.575194,73.870933,'govt',210,142),('PUNE_028','Sinhagad Road Medical, Pune','Pune',18.522233,73.817285,'govt',53,36),('PUNE_029','Kondhwa Community Hospital, Pune','Pune',18.500230,73.834949,'govt',68,46),('PUNE_030','Wagholi Health Centre, Pune','Pune',18.480611,73.874628,'govt',183,124),('PUNE_031','Narhe Hospital, Pune','Pune',18.554585,73.844333,'private',72,48),('PUNE_032','Pune North Hospital, Pune','Pune',18.529128,73.844127,'govt',231,157),('PUNE_033','Pune South General, Pune','Pune',18.582477,73.897850,'private',180,122),('PUNE_034','Sadashiv Peth Hospital, Pune','Pune',18.523017,73.887048,'govt',171,116),('PUNE_035','Pune Trauma Centre, Pune','Pune',18.514871,73.848226,'govt',116,78),('PUNE_036','PMC Specialty, Pune','Pune',18.550009,73.817116,'private',402,273),('PUNE_037','Bhandarkar Memorial, Pune','Pune',18.504430,73.875890,'govt',68,46),('PUNE_038','Sinhgad Road Clinic, Pune','Pune',18.519283,73.915590,'private',214,145),('PUNE_039','Mundhwa Medical, Pune','Pune',18.525033,73.846893,'govt',155,105),('PUNE_040','Kalewadi Hospital, Pune','Pune',18.476306,73.861720,'private',213,144),('PUNE_041','Akurdi Health, Pune','Pune',18.500643,73.817064,'govt',66,44),('PUNE_042','Dattanagar Hospital, Pune','Pune',18.479776,73.873497,'govt',184,125),('PUNE_043','Koregaon Park Medical, Pune','Pune',18.555694,73.846321,'govt',60,40),('PUNE_044','Kharadi Wellness, Pune','Pune',18.530940,73.880264,'govt',188,127),('PUNE_045','Mahalunge Hospital, Pune','Pune',18.575701,73.847907,'private',60,40),('PUNE_046','Dapodi Health Centre, Pune','Pune',18.541965,73.852049,'private',54,36),('PUNE_047','Pune Central ER, Pune','Pune',18.544057,73.897261,'govt',192,130),('PUNE_048','Lohegaon Hospital, Pune','Pune',18.520084,73.885528,'private',54,36),('PUNE_049','Gahunje Clinic, Pune','Pune',18.550329,73.867938,'govt',91,61),('PUNE_050','Pune River Hospital, Pune','Pune',18.506871,73.843877,'govt',186,126);
/*!40000 ALTER TABLE `hospitals` ENABLE KEYS */;
UNLOCK TABLES;

--
-- Table structure for table `inventory_items`
--

DROP TABLE IF EXISTS `inventory_items`;
/*!40101 SET @saved_cs_client     = @@character_set_client */;
/*!50503 SET character_set_client = utf8mb4 */;
CREATE TABLE `inventory_items` (
  `item_id` varchar(50) NOT NULL,
  `item_name` varchar(100) DEFAULT NULL,
  `unit` varchar(20) DEFAULT NULL,
  `reorder_level` decimal(10,2) DEFAULT NULL,
  `reorder_qty` decimal(10,2) DEFAULT NULL,
  `unit_cost` decimal(10,2) DEFAULT NULL,
  `asset_flag` tinyint(1) DEFAULT NULL,
  PRIMARY KEY (`item_id`)
) ENGINE=InnoDB DEFAULT CHARSET=utf8mb4 COLLATE=utf8mb4_0900_ai_ci;
/*!40101 SET character_set_client = @saved_cs_client */;

--
-- Dumping data for table `inventory_items`
--

LOCK TABLES `inventory_items` WRITE;
/*!40000 ALTER TABLE `inventory_items` DISABLE KEYS */;
INSERT INTO `inventory_items` VALUES ('OXY_LITER','Oxygen (liters)','liters',5000.00,10000.00,0.75,0),('VENT_UNIT','Ventilator Unit','unit',1.00,1.00,250000.00,1);
/*!40000 ALTER TABLE `inventory_items` ENABLE KEYS */;
UNLOCK TABLES;

--
-- Table structure for table `suppliers`
--

DROP TABLE IF EXISTS `suppliers`;
/*!40101 SET @saved_cs_client     = @@character_set_client */;
/*!50503 SET character_set_client = utf8mb4 */;
CREATE TABLE `suppliers` (
  `vendor_id` varchar(20) NOT NULL,
  `vendor_name` varchar(100) DEFAULT NULL,
  `vendor_type` varchar(50) DEFAULT NULL,
  `contact` json DEFAULT NULL,
  `lead_time_days` int DEFAULT NULL,
  `payment_terms_days` int DEFAULT NULL,
  PRIMARY KEY (`vendor_id`)
) ENGINE=InnoDB DEFAULT CHARSET=utf8mb4 COLLATE=utf8mb4_0900_ai_ci;
/*!40101 SET character_set_client = @saved_cs_client */;

--
-- Dumping data for table `suppliers`
--

LOCK TABLES `suppliers` WRITE;
/*!40000 ALTER TABLE `suppliers` DISABLE KEYS */;
INSERT INTO `suppliers` VALUES ('100000001','OxySupply Pvt Ltd','distributor','{\"email\": \"sales@oxysupply.in\", \"phone\": \"+91-20-55550001\"}',2,30),('100000002','MedEquip Traders','manufacturer','{\"email\": \"contact@medequip.in\", \"phone\": \"+91-20-55550002\"}',6,45),('100000003','Rapid Diagnostics Co','labkits','{\"email\": \"sales@rapiddiag.in\", \"phone\": \"+91-20-55550004\"}',3,30);
/*!40000 ALTER TABLE `suppliers` ENABLE KEYS */;
UNLOCK TABLES;
/*!40103 SET TIME_ZONE=@OLD_TIME_ZONE */;

/*!40101 SET SQL_MODE=@OLD_SQL_MODE */;
/*!40014 SET FOREIGN_KEY_CHECKS=@OLD_FOREIGN_KEY_CHECKS */;
/*!40014 SET UNIQUE_CHECKS=@OLD_UNIQUE_CHECKS */;
/*!40101 SET CHARACTER_SET_CLIENT=@OLD_CHARACTER_SET_CLIENT */;
/*!40101 SET CHARACTER_SET_RESULTS=@OLD_CHARACTER_SET_RESULTS */;
/*!40101 SET COLLATION_CONNECTION=@OLD_COLLATION_CONNECTION */;
/*!40111 SET SQL_NOTES=@OLD_SQL_NOTES */;

-- Dump completed on 2025-11-08 17:41:55
